first_name,last_name,phone_number
Reva,Szychowski,211-633-7576
Juanita,Allen,720-779-4830
Paula,Meltzer,995-474-1219
Blanca,Daley,954-698-2305
Henry,Hill,614-170-0837
James,Frija,398-422-2507
Frank,Wood,708-175-2967
Kenneth,Malloy,326-214-2470
Carol,Couch,941-353-9806
Deborah,Newman,506-380-4743
Brenda,Watkins,669-375-9022
Sherry,Ford,189-015-2068
Sylvia,Adams,803-558-9671
Carla,Brown,465-106-4491
Mark,Reed,794-832-5262
Philip,Miles,981-991-0277
William,Mcaninch,370-919-5993
Jessie,Bauer,573-875-4412
Arthur,Adams,276-102-2667
Paulina,Allen,130-964-6297
Johnny,Loggains,774-588-7100
Steven,Weber,609-959-7905
Marie,Diaz,845-802-8464
Cynthia,White,995-223-5734
John,Metcalf,634-036-1211
Andrew,Davis,201-561-3545
Holly,Lamontagne,532-256-0598
Crystal,Olson,777-695-4052
David,Evans,613-293-8068
Karen,Stanford,403-069-1945
Marilyn,Speroni,373-572-7786
Latoya,Thompson,102-934-9078
Jose,Fields,751-574-8525
Louise,Volo,786-396-3785
Samuel,Petitjean,525-214-8118
Mathew,Trumbo,694-873-3246
Renee,Paul,268-110-7841
Nancy,Darnell,471-094-8966
April,Rogers,298-141-6954
Wilbur,Elsass,333-708-7467
Mary,Phillips,313-985-2059
Jerrold,Vawter,623-385-8599
Earl,Manko,911-304-1102
Denise,Wilson,538-243-0435
Elizabeth,Wyatt,246-926-8397
Christopher,Nguyen,411-663-2499
Joseph,Scott,503-280-3031
Susan,Castro,314-541-1269
Alisa,Allen,388-790-9746
Trinidad,Hughart,947-254-1588
Armando,Benton,681-328-6442
Alexandra,Lee,718-770-7614
Lewis,Clantz,681-420-3604
James,Estell,480-215-0793
Darin,Johnson,711-107-2796
Dolores,West,131-534-8399
Jose,Lavi,229-311-6568
Edward,Webb,107-439-5166
Tomasa,Page,154-805-5547
Daniel,Washington,103-212-8448
Linda,Russell,117-251-7421
Terrance,Smith,745-201-0380
Nella,Watson,471-921-4396
David,Crawley,628-834-2519
Rosetta,Colton,111-194-6660
Gloria,Tyrone,950-686-3220
Ward,Farina,356-514-2250
Larry,Neal,509-555-9515
Arthur,Romano,724-751-4170
Amy,Black,631-553-0959
Mathew,Barile,886-338-6944
Lauren,Riston,537-828-9998
James,Behnke,185-660-3393
Daniel,Patterson,738-703-1350
Joan,Lopez,505-965-7065
Michael,Harker,394-366-8113
Regina,Billups,818-351-1129
Harriett,Dougherty,725-096-8745
Stanley,Bain,118-559-9885
Robert,Graham,872-259-9902
John,Bussey,956-224-8689
Sarah,Torres,774-667-7110
Andrew,Baldwin,749-067-5723
Karen,Amick,730-461-9545
Joey,Brieno,432-683-5274
Allen,Best,229-703-7176
Victor,Brookins,155-659-6200
Anh,Mara,680-457-2497
Nathan,Stephens,349-884-0725
Carrie,Young,451-186-7139
Melissa,Walker,885-097-4411
Shauna,Wand,111-097-3078
David,Mcallister,575-447-1028
Larry,Kleffman,144-716-4721
Sandra,Holbrook,876-064-3729
Arlean,Ford,818-694-3910
Pearlie,Goicoechea,761-280-6151
Sheri,Dahle,539-375-9366
Barbara,Austell,955-475-6145
Stephen,Brockman,242-606-8841
George,Stanley,341-351-2619
Jack,Rubalcava,758-801-3269
Fabiola,Latham,882-621-6860
Gertrude,Bouffard,946-627-5090
Earl,Campbell,307-256-2647
Patricia,Minor,155-431-1693
Beth,Shoemaker,524-806-7193
Nikole,Augeri,360-781-3637
Jean,Ruelas,950-103-5728
Joseph,Sallee,848-779-4593
Joe,Lindeman,763-086-2598
Jane,Roberts,414-367-0833
Jimmy,Rios,670-018-8144
Jack,Erwin,360-914-5376
Jeremy,Stoeckel,229-083-3584
Mario,Rhodes,503-464-5351
Latrina,King,249-500-2451
Harry,Bliss,186-403-2409
Valerie,Atkins,565-538-1144
Joanne,Schmidt,264-878-6737
Steven,Smith,493-006-2375
Jane,Gowers,830-268-5918
Mable,Mcdonald,271-845-2699
James,Daly,309-319-4147
Dee,Paden,778-460-3174
Jessie,Seiver,962-604-9848
Mildred,Jay,253-040-5104
Margaret,Alexander,983-475-8665
Nola,Jones,664-961-7434
David,Fisher,618-939-8327
Paulette,Yi,104-002-1084
Marjorie,Scoggins,731-322-8292
Alan,Hensley,920-111-4101
Donna,Garrett,508-170-8638
Barbara,West,678-933-5777
Florence,Mcclane,845-538-2491
Shawn,Tomaszewski,121-438-1710
Charles,Smith,702-699-7228
Danielle,Lemon,809-303-0176
Edwin,Barrow,808-536-8423
Frank,Buchwald,471-454-9001
Daniel,Delisle,403-839-6653
Stephan,Sullivan,777-592-2784
Robert,Elmore,816-174-7341
Michelle,Jacobs,553-265-7592
Keena,Reynolds,385-033-8159
Arthur,Bach,660-410-2264
Eddie,Jackson,946-991-6215
Betty,Ballard,447-691-8995
James,Ferguson,666-198-8227
Martha,Goff,739-640-0976
Edward,Leblanc,370-370-8602
Anna,Tutt,820-991-9364
Ann,Rolling,164-534-6047
Brenda,Hernandez,595-101-1095
Stephen,Judge,297-668-7521
Rebecca,Burden,436-423-0789
Manuel,Prechtl,916-343-1828
Carolyn,Horn,372-072-8743
Nicole,Littrell,728-699-8260
Robert,List,682-776-2288
Bill,Giraldo,463-556-4899
Robert,Doss,332-480-8374
Clifford,Sees,237-000-3941
Kathryn,Brill,768-029-7555
Kenneth,Lewis,859-527-6823
Jean,Mallard,756-058-9015
Melanie,Wymore,636-403-1312
Richard,Rodriguez,294-873-5226
Wilfred,Iglesias,141-946-9201
John,Chamberlain,682-126-2017
Jimmy,Moore,819-166-4351
Daphine,Barrera,842-846-4339
Frederick,Carney,595-725-8231
Loretta,Thompson,645-020-9632
Vickie,Kutz,987-841-5555
Vickie,Pruett,535-499-6606
Patrick,Keenan,511-669-4110
Theodore,Keomuangtai,225-505-1321
Stephanie,Zorns,999-639-2366
Anne,Smith,976-473-4593
Lacie,Lewis,304-781-8047
Jack,Nichols,697-596-3197
Jose,Moore,514-670-9870
Linda,Soto,400-895-3572
Ryan,Lowder,402-923-1189
David,Hughes,515-375-0280
Henry,Dossantos,709-386-6345
Inez,Cothran,222-243-0363
Clifford,Viernes,339-153-0509
Jessica,Aquilar,563-845-8827
Louise,Labarbera,569-926-7912
Ruth,Steele,494-469-6403
Dale,Abbott,786-497-2725
Heidi,Fletcher,181-151-9936
Kimberly,Lai,748-847-6755
John,Kaiser,855-445-5114
Luis,Payeur,451-163-7102
Reginald,Travis,553-934-5390
Howard,Laney,745-419-6079
Sabrina,Butler,763-656-8520
Alice,Hamilton,607-578-6371
Mary,Simon,498-196-9360
Marion,Ivy,658-248-9814
Stephen,Burge,190-547-8667
Beverly,Amisano,970-195-8170
Candice,Saade,785-273-4045
Laura,Mccall,970-994-8452
Ferdinand,Johnson,229-383-1209
Clair,Connolly,784-095-1578
Michael,Hicks,641-579-1796
Susie,Res,841-954-4672
Marie,Robarge,740-433-1629
Jeanne,Baker,546-999-6535
Orlando,Herz,486-986-7988
Mildred,Carrasco,225-875-2024
Ellen,Rogillio,445-760-8763
Henry,Olmstead,851-985-1191
Jennifer,Johnson,504-708-8129
John,Quinones,880-949-2738
Mildred,Harvey,800-191-7311
Sherry,Lumpkin,701-197-9906
Norman,Sanchez,517-660-3058
William,Lee,751-734-5021
Yolanda,Colon,131-675-8168
Eugene,Regalado,916-761-2198
Ella,Fisher,393-373-1340
Jose,Wilbur,870-296-1966
Alvin,Otter,429-421-5290
Edna,Santiago,854-406-8283
Jill,Bamford,327-769-9244
Lewis,Dun,233-946-1048
Denise,Harder,607-851-2714
Paul,Roberson,128-895-0802
Richard,Kriner,397-787-4051
Elsa,Sparks,317-400-0702
Gary,Forrest,628-819-3227
Tina,Bohnsack,108-878-8684
James,Torres,924-330-3824
Phillip,Schuette,199-854-9507
Woodrow,Gibbons,556-145-4975
James,Haecker,667-565-4072
Bessie,Loeschner,125-520-7020
Michael,Ware,953-245-6057
Benjamin,Hull,401-324-3553
Catherine,Mccarty,834-762-8692
Maria,Likes,133-216-5402
Donna,Wahlstrom,861-107-1076
Catherine,Canter,308-005-8026
Eunice,Moor,116-390-1900
Ramon,Luna,643-889-1876
Jewel,Traughber,944-140-3857
Stephen,May,426-112-6614
Rory,Narvaez,571-852-0056
Jacqueline,Bates,736-645-1232
William,Hamann,553-160-4739
Daniel,Robles,568-998-7243
Carlos,Sales,660-187-8072
Joan,Johns,168-626-3813
Howard,Johnson,735-088-1333
Kevin,Ackerman,597-368-1207
Cynthia,Harris,793-252-5226
Courtney,Vick,438-715-0182
Mary,Smalls,643-709-0413
Bryan,Stickney,328-309-6545
Chelsea,Fair,138-053-6733
Carrie,Bechtel,104-073-4238
Jimmie,Burger,126-784-2356
Marie,Mazza,112-353-5313
Jaime,Blews,933-546-7053
Brooks,Hunt,514-178-2442
Leila,Hopf,906-758-8711
Christine,Lawrence,154-579-2619
George,Addie,705-459-7431
Sarah,Ostrom,708-151-0785
Jasper,Bianchi,643-080-2487
Ruby,Vasquez,358-342-3766
Hugo,Tucker,374-697-2983
Florence,Bishop,959-760-6289
Jean,Mcintosh,419-009-2021
Hortense,Garcia,596-864-3220
Mike,Locklear,245-652-5007
Patience,Peterson,405-211-7159
Joseph,Gaska,341-626-9746
David,Jenkins,908-646-7471
Yesenia,Bautista,399-995-1059
Margaret,Rippelmeyer,836-035-9611
Sandra,Guerette,622-176-3742
Joshua,Garza,717-336-2110
Latasha,Jennings,955-628-2503
Gloria,Martin,406-373-0280
Sean,Fletcher,867-611-9501
Timothy,Barahona,880-499-3515
Mary,Nugent,913-085-0293
Bertha,Boone,804-296-1438
John,Hodges,423-485-9201
Mary,Spivey,910-318-3944
Hannah,Beller,609-678-9760
Michelle,Halvorson,823-854-6309
Kathryn,Miller,830-934-5343
David,Hatcher,172-613-1504
Roy,Angel,806-072-2072
Joanna,Huff,943-771-5377
William,Oliver,886-552-4288
Ladonna,Waters,893-511-9923
Lonnie,Uong,569-476-6440
Donald,Seddon,113-491-2400
Maria,Rusch,719-004-1620
Nicole,Carrion,589-528-9597
Robert,Ruiz,630-722-4474
Pauline,Miller,762-361-5605
Lisa,Hawk,661-369-6538
Ray,Kim,690-260-3398
Teddy,Tinsley,125-862-1821
Ella,Connors,403-425-4947
Jon,Degeyter,579-513-1294
Ryan,Hogan,255-400-1040
Daren,Bachmeier,350-273-1490
Mickie,Peller,875-690-8955
Clarence,Fontanez,117-789-5539
Clarence,Doyle,767-609-7264
Anne,Simpson,424-246-9869
Maria,Knipper,722-813-3255
Janelle,Jones,331-795-7383
Julianna,Cobb,291-594-5072
Patty,Smith,405-591-1316
Richard,Padgett,901-930-9173
James,Moore,251-420-6017
Carol,Vega,218-551-8529
John,Hahl,949-131-5283
Dwayne,Mccray,838-569-6751
Lettie,Walsh,574-527-7869
Michael,Braun,544-221-7741
David,Stenger,814-079-6733
Debora,Jordan,454-279-3058
Brian,Snow,147-166-0584
James,Ferrari,697-035-0560
Franklin,Park,452-906-9286
Stephen,Fuhr,553-916-3693
Gloria,Ransler,956-843-0934
Jesse,Holloway,433-562-9117
Glenn,Stanford,962-626-3976
Henry,Benton,608-497-7728
Benita,Griffin,553-331-9972
Dennis,Gaynor,536-796-6063
Brenda,Pouncey,317-046-5576
Ann,Garza,558-414-2358
Napoleon,Dragich,430-041-0546
Lori,Crier,955-757-1144
Wesley,Riley,582-258-8887
Martin,Hamilton,217-523-3645
Celestina,Bowling,874-562-4347
Jennifer,Martin,684-196-4693
Brigitte,Campbell,213-165-4360
Hoa,Lewis,129-780-5368
Orval,Villanveva,554-227-6437
Carlos,Boyd,247-937-1245
John,Mcdearmont,130-675-2597
Lawrence,Zecca,813-134-6462
Mohammad,Carter,103-702-9115
Leona,Dicaprio,734-878-9393
Anthony,Peters,209-447-1302
Willie,Charles,868-553-6356
Jody,Harkins,829-813-4351
Angelina,Conditt,565-562-1491
Alisa,Milliren,219-484-7862
Zachary,Russell,584-077-0444
Wilhelmina,Ezell,368-179-0042
Andrea,March,298-633-8084
Marilyn,Wilson,970-672-5236
John,Williamson,853-140-9324
Flora,Fallis,688-715-7857
Kelly,Hall,482-243-0586
Robert,Turner,345-260-3229
James,Ramos,346-296-1390
Billy,Jackson,730-623-3269
Troy,James,491-760-2615
Patricia,Calton,665-412-1418
Dawn,Lingo,458-910-8164
James,Ward,679-143-2751
Kelly,Moore,349-533-3331
Matthew,Lambert,908-162-8598
Jessie,Hughes,133-181-0060
James,Wright,291-653-2089
Linda,Whitty,995-976-5555
Justin,Bonavia,559-226-6403
Alma,Hoehn,151-242-2575
Judith,Brummell,317-241-6507
James,Nagao,382-507-8860
Lloyd,Frankhouser,665-378-9628
Martin,Hartung,844-993-7402
Charles,Johnson,529-585-9761
Nathan,Schaeffer,725-176-4160
Matthew,Mcclanahan,955-504-2650
Victor,Bradford,100-048-9810
Gala,Melendez,520-311-9820
Christopher,Lenz,726-652-7945
Roy,Gonzalez,830-988-7493
Gerald,Montgomery,182-246-5364
Frank,Haas,120-145-3377
Rosalyn,Johnson,452-584-3575
Erna,Joseph,355-141-9003
John,Hosley,228-953-2622
Charlotte,Dagan,891-958-2313
Lisa,Daigle,854-298-9949
Charles,Cortez,292-419-5924
Josh,Fernandez,461-044-6564
Susan,Madsen,458-045-3520
Antoine,Ellis,582-056-0261
Brianna,Risinger,936-061-3131
Walter,Wilson,548-287-9266
David,Aponte,432-364-9353
Marlene,Dignan,269-087-9944
Tonya,Gomer,268-635-4290
Marilee,Frisby,450-102-8458
Jason,Hetz,875-672-9366
Timothy,Chavez,744-962-8179
Jack,Showalter,285-807-3564
Jesse,Carroll,846-209-7919
Lonnie,Thomas,299-426-0920
Janet,Keeton,386-538-9662
Lloyd,Walls,424-017-8944
Thomas,Richardson,169-188-6829
Bryan,Miyoshi,141-859-1981
Thomas,Marinello,696-551-8349
Lola,Roland,953-869-0781
Spencer,Garber,771-010-9076
Jack,Stevens,692-870-4899
Viola,Camille,837-477-4076
William,Dolan,335-827-9126
Deborah,Thomas,395-162-4286
Alison,Johnson,123-213-2498
Christopher,Dalton,611-634-8989
Roxanne,Compo,688-993-1459
Harry,Dehetre,706-548-5736
Shirley,Garcia,430-702-7091
Ray,Trinidad,979-862-3118
Richard,Mann,582-293-4812
Nettie,Swaney,666-049-8938
Billie,Wyatt,902-740-7393
Joey,Williams,791-531-2378
John,Bennett,634-696-6844
Diane,Spencer,459-497-1495
Patsy,Ortiz,152-329-6099
Peggy,Lewis,576-805-5018
Thelma,Powell,706-704-1936
Lois,Gelsinger,570-691-9067
Todd,Richner,262-644-3282
Alicia,Siano,433-568-4671
Jeremiah,Sledge,618-072-0314
Frank,Villicana,481-284-8967
Leda,Wilkerson,465-101-3770
Carole,Larson,479-609-4041
Linda,Koons,974-507-6480
Lorraine,Mcnitt,773-324-1163
Daniel,Rivers,723-293-9494
Thomas,Frey,292-633-3785
Joseph,Adams,185-492-1495
Sara,Faustini,472-922-8083
Alice,Estorga,140-422-5757
Carolyn,Meissner,565-413-0945
Paul,Kubiak,437-519-1524
Peter,Grubb,551-547-6236
Rene,Hecht,589-226-1438
Sheree,Baxter,843-837-1237
Michael,Hernandes,213-313-2367
Duane,Woods,607-815-0602
Steven,Kunkle,120-528-5350
Richard,Perino,166-367-4194
Helen,Tucker,317-412-3229
Marilyn,Edwards,904-262-3790
Dorothy,Mcmahan,554-752-0840
Kevin,Greig,461-441-3416
Karen,Mcneill,825-922-3464
Elaine,Donohue,373-292-4518
Cody,Winkelpleck,326-646-9723
Mary,Reichmann,346-651-3151
Michael,Goodman,454-748-1900
Charles,Garmany,324-718-5228
Raymond,Wang,316-917-3334
Annie,Thomas,733-981-7055
Stephen,Davis,501-315-4820
Carl,Sanchez,953-296-2541
Brett,Klima,583-939-4890
Stephanie,Estrada,663-973-9791
Russell,Schoonmaker,303-221-7804
Lois,Hawkins,574-849-5805
Katie,Day,151-094-8926
Jeffrey,Pinkston,300-217-6175
Esther,Potter,923-233-8406
Jody,Taylor,439-190-8402
Michael,Wright,836-041-2295
Shirley,Fitzgerald,818-718-2605
Elizabeth,Glass,543-526-3842
Terry,Mayers,321-379-8509
Margaret,Perrodin,515-369-3031
Louise,Paris,717-301-4287
Karrie,Rojas,239-347-5449
Joseph,Donahoe,112-659-4235
Rebecca,Henry,474-170-7422
Anthony,Fritz,490-873-2702
Jacqueline,Elliott,491-084-3064
Frederick,Knapp,166-320-4029
Francisco,Benthall,384-376-5328
Harold,Morse,217-125-0371
Ruby,Sabo,808-083-9143
Jodi,Marker,261-195-2852
John,Mcmillian,915-386-6239
Marc,Ortiz,715-618-5423
Reba,Fonceca,510-499-4608
James,Brown,464-678-1967
Willie,Williams,172-928-1693
Deanna,Cuff,570-835-7470
Martin,Lind,234-820-8205
Lamar,Harris,164-098-7521
Nicholas,Homza,162-478-3153
Sandy,Espinoza,538-217-3356
Michael,Siegmund,830-626-5544
Staci,Watts,774-727-2309
Pearl,Salazar,492-462-9597
Mary,Dhondt,625-274-8533
Ryan,Iglesias,105-535-9502
Maria,Dunn,804-841-9101
Frank,Cuthill,327-675-2857
Irma,Delapp,178-707-1327
Timothy,Poissant,818-080-7212
Tabitha,Booth,278-295-3559
Jeremy,Wilson,234-379-1137
Ellen,Ramirez,369-730-1293
Marjorie,Scurry,443-980-3291
William,Conner,281-453-7206
Michel,Baxter,219-553-0190
Robert,Plater,810-800-8612
Barbara,Morris,471-744-2016
David,Morris,861-296-9921
Nancy,Pena,234-100-1079
Steven,Thomas,615-436-9291
Dora,Carvajal,420-716-3061
Florence,Stewart,253-778-2454
Andrea,Jarrell,237-479-5283
Morris,Lekwa,715-570-9166
Donald,Brogan,624-949-0559
Lynette,Navejas,931-722-2833
Myrtle,Detwiler,965-586-9175
Thomas,Hagan,387-117-8092
Michael,Kabel,916-828-3181
James,Postel,715-524-6600
Tommie,Armstrong,909-296-4319
William,Curtis,729-310-1204
Denise,Marston,395-034-6917
Toni,Bryan,371-528-3671
Timothy,Rogers,917-028-8966
Henry,Forester,168-256-0044
Antonio,Lowe,936-802-7468
Amber,Jones,322-448-9725
Todd,Carino,299-450-4214
Amanda,Fletcher,329-722-9667
Nathan,Simons,264-782-1255
Martin,Grantham,863-757-0774
Nathan,Schmidt,832-142-4550
Phillip,Aitken,102-419-8270
Linda,Giese,300-973-9256
Dale,Richards,923-499-1227
Wilburn,Donaldson,527-998-5191
Tomas,Campanelli,612-648-2389
Byron,Adams,663-055-0027
Joyce,Pino,949-940-2723
Paul,Wood,560-195-1927
Sue,Loucks,610-895-3188
Edwin,Jardine,334-252-9067
Sherman,Watters,259-498-3759
Jean,Smiley,407-241-2958
Gilbert,Brill,849-788-6165
Bryant,Lettinga,344-485-6316
Ana,Edwards,553-632-0575
William,Gray,522-508-1996
Sally,Matthews,212-294-4304
Lois,Carlos,435-035-6058
Gregg,Tabak,245-658-3947
Ken,Reed,890-259-3744
Dolores,Garczynski,665-462-1430
Jesse,Delgado,788-026-7425
Linda,Imfeld,553-658-3887
Travis,Patel,565-499-7273
Margaret,Alston,873-106-2990
Layne,Summerfield,236-805-6795
Helen,Flanagan,154-609-7465
John,Wun,214-845-2095
Celeste,Baker,795-756-0975
Mary,Fletcher,891-536-3384
David,Adams,195-495-0751
Robert,Galindo,997-257-5945
Charlie,Morehead,999-302-2603
Damian,Turpin,661-209-3571
Sheila,Flores,308-277-6398
Denise,Stoner,234-760-2880
Tiffany,Colon,200-224-2308
Eva,Matheis,385-620-3720
Mark,Fisher,531-293-7969
Melissa,Bedford,641-191-8626
Bess,Syers,671-578-1345
Andrew,Andersen,160-051-2724
Lucia,Smith,712-525-1165
Michael,Collins,977-264-2284
Dwayne,Thompson,556-009-2186
Eduardo,Gray,779-073-3062
Steve,Horgan,610-978-9052
Richard,Cressey,963-354-4110
Helen,Walker,342-058-1045
Gary,Robinson,644-582-0730
Michael,Smith,105-275-6325
Elizabeth,Garneau,532-966-1658
Carl,Sulzer,694-934-4319
Charles,Spencer,188-576-6834
Janet,Heller,181-695-0047
Tim,Greer,697-267-3978
Brett,Long,701-242-9473
Robert,Velazquez,794-636-5409
Latricia,Canterbury,390-496-8700
Margaret,Clayton,691-326-8425
Kevin,Johnson,913-123-8104
Elena,Walker,360-616-4706
Joyce,Hamilton,612-263-6005
Annabelle,Daley,779-131-1828
Donna,Blackburn,229-840-0856
Margaret,Mckay,905-871-9875
Joan,Brown,366-707-5529
Carroll,Spicer,171-384-4366
Clark,Kendrick,273-341-9803
Ashely,Bolte,662-230-6909
Valerie,Henderson,368-566-0003
Ronald,Preuss,330-420-1593
Terry,Fields,421-644-0786
Gregg,Tanzosch,964-718-3584
Florentino,Mclaughlin,500-653-7848
Luke,Childs,589-543-5629
Dianne,Wyble,602-563-5111
Glenda,Steiner,817-839-1378
Lamont,Zelinsky,928-342-0890
Tamara,Norman,815-333-8451
Karen,Mclean,398-413-2740
Gail,Slaughter,836-086-1277
Lance,Taylor,215-549-7548
Gerald,Harris,483-346-9181
Charles,Johnson,431-545-9194
Jackie,Clark,658-104-4629
Joanne,Wheeler,146-270-2798
Rose,Burris,686-329-4204
Eugene,Wilson,594-024-5619
Tommy,Spurrier,960-105-8423
Eric,Ryder,978-405-0324
Miguel,Mccann,690-544-9632
Edward,Smith,661-078-6040
Lisa,Garza,561-210-8156
Greg,Johnson,710-252-0657
Carlos,Fisk,333-024-6368
William,Park,249-744-1260
Pamela,Rowe,478-070-0276
Eugene,Pena,275-827-1658
Toni,Deville,255-651-2138
Tessie,Solis,169-156-8811
Andre,Lopez,233-503-9706
Cecilia,Johnson,449-690-4469
Derrick,Phillips,681-659-4569
David,Perez,955-888-3666
Diane,Sanchez,916-200-6658
Julie,Smalls,244-513-9331
Shirley,Walker,601-122-5957
Clifford,Meggs,524-229-8488
Jack,Ferguson,302-063-0430
Sara,Tomidy,762-350-0150
Myrta,Kimbrough,634-771-8981
Alice,Meredith,899-331-1107
George,Smith,960-948-7098
Cecil,Lacombe,486-155-7769
Magda,Mifflin,203-044-6341
Jennifer,Obregon,865-076-1930
Richard,Marshall,810-795-0492
Connie,Traylor,495-849-6215
Kenneth,Weaver,758-742-4380
Ashley,Brunette,437-708-2270
Janetta,Solano,530-320-1829
Michael,Yates,204-354-3801
Benjamin,Patrick,653-149-1835
Woodrow,Bodreau,199-991-5356
Daniel,Abbasi,852-134-4257
Vanessa,Miller,370-044-4495
Earle,Valle,352-553-2834
Lisa,Mcfarland,201-350-1038
Craig,Sager,186-038-0686
Caroline,Jurist,138-649-0332
Carol,Gabel,696-263-6751
Jane,Torres,257-662-0786
Vincent,Riester,313-122-3039
Jay,Watkins,577-069-3102
James,Collier,324-096-0642
Jeffrey,Martinez,828-617-9356
Richard,Knutson,587-027-9876
Theo,Moran,835-971-3090
Richard,Oaks,122-429-8258
Louis,Coburn,375-032-9593
Amy,Gonzales,229-674-0057
Ashley,Dingle,450-939-0831
Winona,Simonton,245-706-2062
Denise,Eytcheson,668-629-3705
Janice,Gough,401-794-8311
Blanca,Stevens,632-263-4881
Richard,Baker,513-063-6320
Hector,Milner,216-874-6870
Paula,Baucum,445-354-4188
Keith,Lopez,994-575-2968
Margarita,Roberts,718-607-1928
George,Quinones,592-938-8780
Jesse,Stripling,290-738-0737
Rachel,Sanchez,156-153-1609
Carlos,Valentine,691-529-8416
Jeremy,Kay,385-809-9745
Crystal,Polin,633-748-2600
Sheila,Beals,676-569-8034
Leslie,Viveros,304-301-4898
Leah,Butler,508-770-3970
Karen,Arredondo,809-829-9436
Dora,Arndt,738-575-6054
Christina,Dunham,319-697-5479
Tena,Bressler,214-924-8809
Lucille,Parson,299-019-6380
Frances,Snyder,698-296-2639
Bruce,Hart,106-450-1729
Timothy,Stover,601-614-5928
John,Bates,958-770-7932
Tracey,Adams,939-741-6009
Gloria,Thorne,537-090-3723
Edward,Sherwood,100-102-7530
Lucila,Rossiter,301-825-3510
Thomas,Allen,829-858-6058
Neil,Jording,527-088-6162
Mary,Whitworth,772-838-6067
Terri,Glover,477-969-6097
Glenda,Cogan,538-189-4928
Robert,Merrill,384-065-1633
Madge,Mcguire,321-604-7202
Erika,Stilson,319-479-5493
Mario,Rich,418-613-2189
Leona,Mesa,413-612-2436
Dora,Debose,770-890-0939
Lisa,Eaves,659-613-6014
Christopher,Chambers,815-072-2359
Linda,Kenoyer,558-553-3349
Marie,Ikard,406-232-0618
Robert,Wood,867-439-1141
Joyce,Smith,277-580-1363
Paul,Choy,688-030-5051
Thomas,Sturkie,942-984-6882
Bobby,Boyer,284-480-6287
Natividad,Crisp,123-302-3388
Reginald,Liss,118-369-4880
Eileen,Ebert,279-931-0411
Sharon,Aguilar,200-142-7889
Mary,Pettner,908-086-2001
Wayne,Goldson,943-625-1479
Minnie,Gabel,338-829-3782
Patricia,Hope,348-520-2460
Jeanne,Myers,595-334-4106
Steven,Duncan,537-240-8142
Dallas,Miller,142-063-7263
John,Gover,181-301-5157
Frank,Warbritton,220-538-5754
Vernon,Rodgers,151-940-8031
Sara,Kieffer,421-388-0123
Jennifer,Treadwell,743-378-7582
Juan,Buck,449-851-4147
Barbara,Desir,159-659-1473
Lisa,Hitchcock,131-054-5541
John,Poole,480-224-4774
James,Benck,494-970-5374
Ann,Shanklin,541-325-6940
Frank,Pratt,950-655-3745
Bernice,Davidson,977-904-9084
Patrica,Trapp,682-573-6945
Jeanette,Pomroy,813-964-7239
John,Rayborn,145-323-5694
Pedro,Ryan,603-282-9213
Jessica,Baum,213-249-2989
Lauren,Cooper,844-023-7519
Elizabeth,Parsons,559-557-4051
Lazaro,Hardiman,226-424-9871
Keith,Reed,521-629-8301
Vivian,Keen,792-277-9225
Shane,Pickell,920-365-2399
Brenda,Hensley,577-074-3654
Tonya,Torres,715-948-3478
Brenda,Preston,980-072-8133
Wendell,Peyser,344-948-3607
Robert,Logan,783-836-6053
Guy,Larkin,805-692-3726
Dominic,Almen,369-981-3063
Christina,White,870-242-7338
Judith,Jones,413-909-8424
Felix,Person,912-901-2987
Cheryl,Henderson,725-457-2032
Samuel,Dukes,314-316-7724
Charles,Burrus,497-403-7136
Diane,Brown,555-222-7629
Amanda,Azar,305-679-3465
Carmen,Barnes,406-466-8830
Charles,Gabriel,645-805-5774
Patsy,Davis,101-824-7532
Reba,Upshaw,210-367-3698
Tamara,Dingle,884-857-4001
Dara,Mueller,890-765-1289
Fernando,Mercado,966-356-4630
Guy,Gigantino,995-402-5016
Duane,Martin,559-530-7561
Shirley,Tellier,128-664-1370
Daniel,Carvajal,858-858-2849
Kathy,Torrey,453-995-6302
Ramona,Andrews,741-844-3157
Margarita,Box,379-829-5806
Pauline,Withers,973-532-7861
Shane,Teasley,458-989-7021
Charlie,Hogan,111-285-2568
Howard,Washington,448-601-7012
Tyrone,Sanchez,397-358-5776
David,Brunk,817-499-2503
Albert,Zucker,473-682-9423
Annette,Stevens,640-206-2897
Brian,Turner,768-162-8206
Sandra,Windmeyer,600-411-6328
Daniel,Velez,861-173-0663
Lee,Crouch,183-070-8102
Ahmed,Rehrig,461-876-1495
William,Way,294-777-9574
Pamela,Burke,992-068-2009
Augustina,Saeler,647-360-4885
Jacob,Ramirez,107-762-3309
Donna,Scharich,548-904-0175
Bertha,Przedwiecki,847-596-6605
Will,Vargason,263-518-9222
James,Marvel,337-756-3465
Blake,Preston,520-901-9559
Marlene,Kennedy,391-023-5151
Blake,Tucker,332-303-4745
Damon,Nast,177-383-8719
Gabriel,Morales,567-319-9322
John,Walton,744-727-9085
Joseph,Hare,760-579-4484
Antonia,Garrett,847-255-4346
Arthur,Yoder,952-124-2445
Roy,Steedley,211-204-9461
David,Huber,852-162-8478
William,Galloway,531-951-2779
Edward,Rocha,574-945-6231
James,Payne,340-705-3137
Jennifer,Rivera,879-991-1923
Phyllis,Proper,285-152-3823
Carol,Stevens,496-591-9074
Judy,Vann,931-986-7457
Elaine,Hamilton,259-315-6218
James,Quinonez,713-650-5109
Natalie,Robertson,738-865-8928
Gerald,Flenard,683-481-4611
Nicole,Bybee,202-328-0987
Sean,Gibbons,973-199-8874
Victor,Bell,544-001-2147
Mary,Gonzalez,752-860-8186
Dale,Wiggins,513-658-6549
Ruby,Wilson,164-322-3071
Karen,Harmon,591-195-4858
Anthony,Garcia,554-002-1920
Holly,Seay,969-278-9645
Robert,Goguen,553-940-0208
Douglas,Torres,917-811-6858
Werner,Swanson,857-440-7167
Michael,Pickering,929-345-1228
Richard,Shields,503-116-1646
Roger,Hilton,354-737-4044
Rosalia,Preston,416-939-5469
Troy,Gracia,318-608-6418
David,James,422-236-0197
Patsy,Pugh,342-849-2866
Jean,Gamez,776-683-4768
Florinda,Irby,902-932-9625
Carol,Landis,825-299-7505
Kenneth,Christian,990-710-2367
Cinda,Wells,592-018-5775
Daniel,Cunningham,833-560-9585
Joanne,Mounts,942-923-2178
Stephen,Caudill,683-076-7448
Drew,Then,559-680-3238
Martin,Lewis,654-788-5624
Tina,Grubaugh,568-303-1594
Allen,Bishop,341-889-2340
Mary,Torres,922-261-3767
Larry,Cobb,995-159-6892
Carlie,Fisher,708-917-5503
Reagan,Braggs,870-474-6549
Colette,Moore,898-361-4961
Richard,Lara,535-993-9934
Matthew,Wolfe,883-696-5579
Renita,Rudolph,716-494-6586
Hettie,Rodriguez,993-340-5693
Kenneth,James,349-106-1263
Kathleen,Cohrs,320-679-9798
John,Craig,546-883-6796
Richard,Lamm,350-050-1834
Lucy,Soriano,214-780-6624
Jerry,Kaminski,693-902-4627
Helen,Tapia,971-066-2276
Roger,Weltha,690-158-9043
Bertha,Mcintosh,185-149-2374
Cindy,Guiterrez,348-823-0408
Eric,Davidson,428-926-8421
Athena,Polk,365-082-6442
Rashida,Lombardi,314-031-1014
Alta,Smoot,968-419-6004
George,Mraz,546-899-6180
Paula,Bressette,785-011-5425
Celia,Koepsell,231-736-1976
Jose,Williams,759-477-0359
Kirk,Carlson,553-075-6409
Walter,Fallis,188-928-9652
Chrystal,Cross,553-176-9706
Donald,Casper,771-125-8175
Martin,Larocco,435-946-3820
Krystal,Bridgmon,145-594-0316
Thomas,White,912-476-9804
Derrick,Smith,737-267-2317
Joni,Knight,274-213-1962
Carman,Dahms,169-644-9179
David,Gonzales,399-310-8894
Daryl,Mendez,355-466-2691
Lela,Schrader,406-056-8710
Martin,Brown,242-970-4126
Retha,Snead,814-533-2032
Jonathan,Holmes,840-018-7061
Eric,Marty,810-348-0098
Leslie,Zamora,218-733-6344
Harry,Jolley,482-171-8106
Lisa,Voller,439-068-8335
Vernon,Prechtl,822-632-8535
Steve,Pantoja,771-554-1436
Anne,Fischer,404-340-4825
Micheal,Matthew,863-623-6010
Juliette,Braman,995-465-6775
Kelly,Rowley,881-721-3532
James,Souliere,323-764-2012
Janice,Patrick,822-246-6724
Charles,Johnson,494-563-0831
Chester,Shafer,942-391-1090
Eleanor,Hudson,269-965-5577
Carolyn,Newman,432-269-1518
Jacqueline,Carter,728-479-6570
Dorothy,Mcneal,103-601-6421
Cleopatra,Brown,752-728-1246
Michael,Schultz,243-286-6065
Nancy,Fortin,456-919-3110
John,Hanson,216-572-5670
Betty,Pierce,842-376-3531
Helen,Dubose,729-087-3336
Ophelia,Raj,320-305-1630
Mary,Alcantara,513-182-3343
Jason,Wagner,830-708-4258
Cheryl,Washington,307-459-4205
David,Flores,486-179-8934
Jeffrey,Davis,215-308-2404
Candice,Brandon,390-311-9404
Charles,Petty,522-155-1520
Allen,Harris,569-137-5401
Herbert,Blue,181-906-2333
Melissa,Miller,517-087-5095
Timothy,Crock,256-989-0022
Paul,Adkins,601-502-8972
Juan,Rick,116-825-3225
Diane,Mustard,458-386-0206
Lottie,Shelton,291-144-8555
David,Lahman,711-523-2750
James,Abraham,692-740-7113
Werner,Rahm,759-607-7510
Audrey,Killeen,264-626-5823
Mary,Mendez,937-633-2876
Jackie,Lasala,443-095-9112
Steven,Mcmillen,739-494-5371
Laura,Williams,814-844-8932
James,Vicic,270-440-7740
Edward,Smith,293-239-5669
Paul,Hess,637-562-5325
Kate,Williams,779-133-7061
George,Mcclard,580-735-1807
Henry,Garcia,775-259-6914
Karol,Rodriguez,813-803-4776
Kelly,Mcculloch,802-541-9926
John,Nardini,346-712-6228
Melissa,Smith,791-022-2115
Thomas,Colon,800-935-9223
Robert,Rogers,954-508-5926
Lois,Harrison,393-964-6830
Gerard,Lax,213-377-6018
Trena,Lacasse,427-150-2034
Patty,Henry,707-085-4613
Herminia,Hartman,649-801-9585
